id,video_num,video_id,comment_text
HyHNuVaZJ-k0,0,HyHNuVaZJ-k,1:53 whoâ€™s the guy who raps
HyHNuVaZJ-k1,0,HyHNuVaZJ-k,Molino molino para la tierra.
HyHNuVaZJ-k2,0,HyHNuVaZJ-k,ĞšĞ°Ğ¹Ñ„Ğ¾ÑÑ‚Ğ°Ğ½
HyHNuVaZJ-k3,0,HyHNuVaZJ-k,ĞŸĞ¾Ğ½ ğŸ˜ Ñ‡Ñ‚Ğ¾ Ğ½Ğµ Ñ‡ĞµĞ³Ğ¾ Ğ½Ğµ Ğ¿Ğ¾Ğ½ğŸ˜‘
HyHNuVaZJ-k4,0,HyHNuVaZJ-k,"So your probably never gonna see this but I have like a 0.5% chance that you will and Iâ€™m gonna take it, but I learned the bass riff for feel good inc. and Iâ€™m really proud of myself, itâ€™s not the greatest and I canâ€™t focus on lyrics as well as the notes yet but still, anyway Iâ€™m sorry to bother you and I hope you have a fantastic day!"
yYDmaexVHic0,1,yYDmaexVHic,So good
yYDmaexVHic1,1,yYDmaexVHic,giving me literal chills
yYDmaexVHic2,1,yYDmaexVHic,1:52
yYDmaexVHic3,1,yYDmaexVHic,0:47 ğŸ˜°
yYDmaexVHic4,1,yYDmaexVHic,Whats this song about
qJa-VFwPpYA0,2,qJa-VFwPpYA,This jam makes me wanna dance on a yacht in Ibiza
qJa-VFwPpYA1,2,qJa-VFwPpYA,this perefect band never disapoint you
qJa-VFwPpYA2,2,qJa-VFwPpYA,This is perfect! I heard it on the radio and had to look it up right away! I could watch this video all day!
qJa-VFwPpYA3,2,qJa-VFwPpYA,metci
qJa-VFwPpYA4,2,qJa-VFwPpYA,Gorrilaz and Tame Impala is the perfect combination
04mfKJWDSzI0,3,04mfKJWDSzI,PLASTIC BEACH EL MEJOR DISCOâ¤
04mfKJWDSzI1,3,04mfKJWDSzI,â¤â¤
04mfKJWDSzI2,3,04mfKJWDSzI,My favorite song in the whole world
04mfKJWDSzI3,3,04mfKJWDSzI,this song came out the day my mom passed on. so lovely i cry each time i hear it
04mfKJWDSzI4,3,04mfKJWDSzI,This song lives rent free in my playlists!
1V_xRb0x9aw0,4,1V_xRb0x9aw,"Gorillaz - Clint Eastwood
Ä±llÄ±llÄ±Ä±llÄ±llÄ±Ä±llÄ±ll
0:58 â”â”â”â”â—â”€â”€â”€â”€â”€â”€â”€â”€â”€  3:29
â‡†       â—ã…¤ã…¤âšâšã…¤ã…¤â–·       â†»"
1V_xRb0x9aw1,4,1V_xRb0x9aw,THIS MUSIC IS GODDDD ğŸ‘‘ğŸ—¿
1V_xRb0x9aw2,4,1V_xRb0x9aw,Que recuerdos ğŸ˜¢
1V_xRb0x9aw3,4,1V_xRb0x9aw,"ğŸ˜®. .  
La"
1V_xRb0x9aw4,4,1V_xRb0x9aw,https://youtube.com/shorts/-_pXl8jrzGs?si=7405zdN_bxhIcMp9
uAOR6ib95kQ0,5,uAOR6ib95kQ,"People who listen to Gorrillaz should remember to not give up, you are special and you understand yourselfâ¤"
uAOR6ib95kQ1,5,uAOR6ib95kQ,"Man she got no cake, no chest AND no face. But she got some good music so automatic 10"
uAOR6ib95kQ2,5,uAOR6ib95kQ,He has the voice of eminem XD
uAOR6ib95kQ3,5,uAOR6ib95kQ,Noodle just noodling around ğŸ˜‚
uAOR6ib95kQ4,5,uAOR6ib95kQ,I am coming.
BONNm0F7Tto0,6,BONNm0F7Tto,Shane Gillis looking ass boy
BONNm0F7Tto1,6,BONNm0F7Tto,Ever since I discovered this tune it's been on repeat. Good fucking shit Dom Dolla!.
BONNm0F7Tto2,6,BONNm0F7Tto,I heard this live before it was release every time the beat drops I thought I was getting abducted by aliens :)
BONNm0F7Tto3,6,BONNm0F7Tto,A sea of useless videos
BONNm0F7Tto4,6,BONNm0F7Tto,Grows bananas
f8NwLXYIHS40,7,f8NwLXYIHS4,This hit different
f8NwLXYIHS41,7,f8NwLXYIHS4,I Love this song
f8NwLXYIHS42,7,f8NwLXYIHS4,Best song it put me to sleep
f8NwLXYIHS43,7,f8NwLXYIHS4,i love this song sm that i dont even need lyrics and i can sing the whole songâ¤ï¸
f8NwLXYIHS44,7,f8NwLXYIHS4,BroooğŸ’—ğŸ˜µâ€ğŸ’«
S03T47hapAc0,8,S03T47hapAc,DAMN
S03T47hapAc1,8,S03T47hapAc,*THAT'S* Noodle?!?
S03T47hapAc2,8,S03T47hapAc,â¤â€ğŸ”¥
S03T47hapAc3,8,S03T47hapAc,Soy 2D intentando estar despierto en clase
S03T47hapAc4,8,S03T47hapAc,Whatâ€™s the meaning behind this song?
cLnkQAeMbIM0,9,cLnkQAeMbIM,Black ops 1 nostalgic year
cLnkQAeMbIM1,9,cLnkQAeMbIM,Amazing videoğŸ˜Š
cLnkQAeMbIM2,9,cLnkQAeMbIM,Imagine 2D being your music teacher
cLnkQAeMbIM3,9,cLnkQAeMbIM,epic
cLnkQAeMbIM4,9,cLnkQAeMbIM,Wutang!
YlUKcNNmywk0,10,YlUKcNNmywk,It has been confirmed that the Red Hot Chili Peppers will embark on a world tour in 2022! Sign up on https://redhotchilipeppers.com for more information.
YlUKcNNmywk1,10,YlUKcNNmywk,Cali girlâ¤ï¸â€ğŸ©¹ğŸ¥°
YlUKcNNmywk2,10,YlUKcNNmywk,"2023 tetap nonton,, favoritğŸ‰ğŸ‰ğŸ‰"
YlUKcNNmywk3,10,YlUKcNNmywk,Who else is here in 2023 ?
YlUKcNNmywk4,10,YlUKcNNmywk,Franki host tho holliwood
GLvohMXgcBo0,11,GLvohMXgcBo,It has been confirmed that the Red Hot Chili Peppers will embark on a world tour in 2022! Sign up on https://redhotchilipeppers.com for more information.
GLvohMXgcBo1,11,GLvohMXgcBo,"NÃ£o sei explicar como ou porque, mas eu AMO esse musica ela me traz um sentimento indescritÃ­vel e um paz interior tao grande"
GLvohMXgcBo2,11,GLvohMXgcBo,ğŸ¼ğŸ¶
GLvohMXgcBo3,11,GLvohMXgcBo,268 million views. Enough said
GLvohMXgcBo4,11,GLvohMXgcBo,I am Black and I think this song is RIGHTEOUS!
8DyziWtkfBw0,12,8DyziWtkfBw,It has been confirmed that the Red Hot Chili Peppers will embark on a world tour in 2022! Sign up on https://redhotchilipeppers.com for more information.
8DyziWtkfBw1,12,8DyziWtkfBw,Klitschko songğŸ˜‚
8DyziWtkfBw2,12,8DyziWtkfBw,Los mercenarios 4
8DyziWtkfBw3,12,8DyziWtkfBw,"â€œSir uhm someone appears to have broken into the warehouseâ€
is
â€œOh itâ€™s just them let them beâ€"
8DyziWtkfBw4,12,8DyziWtkfBw,Cant stop ğŸ‘‚ğŸ¤˜ğŸ‘½
mzJj5-lubeM0,13,mzJj5-lubeM,Aftermath of rocking really hard in the West Coast...
mzJj5-lubeM1,13,mzJj5-lubeM,Did they base that new FF game of this video?
mzJj5-lubeM2,13,mzJj5-lubeM,You found out my knife at bAdforce nCCPS6
mzJj5-lubeM3,13,mzJj5-lubeM,Love this song
mzJj5-lubeM4,13,mzJj5-lubeM,Absolutely love the guitar at 3:07 - 3:19
rn_YodiJO6k0,14,rn_YodiJO6k,It has been confirmed that the Red Hot Chili Peppers will embark on a world tour in 2022! Sign up on https://redhotchilipeppers.com for more information.
rn_YodiJO6k1,14,rn_YodiJO6k,"2023 tetap nonton,, favoritğŸ‰ğŸ‰ğŸ‰"
rn_YodiJO6k2,14,rn_YodiJO6k,"Ğ§ĞµĞ» ÑĞ½Ğ°Ñ€ĞºĞ¾Ğ¼Ğ°Ğ½Ğ¸Ğ»ÑÑ Ğ´Ğ¾ Ñ‚Ğ°ĞºĞ¾Ğ¹ ÑÑ‚ĞµĞ¿ĞµĞ½Ğ¸ Ñ‡Ñ‚Ğ¾ ĞµĞ¼Ñƒ Ğ¿Ñ€Ğ¸ÑˆĞ»Ğ¾ÑÑŒ Ğ¿ĞµÑ€ĞµÑĞ°Ğ¶Ğ¸Ğ²Ğ°Ñ‚ÑŒ ĞºĞ¾Ğ¶Ñƒ Ğ½Ğ° Ñ€ÑƒĞºĞ°Ñ…, Ğ° Ğ¼Ñ‹ÑˆÑ†Ñ‹ Ğ¾Ñ‚Ñ€Ğ°Ñ„Ğ¸Ñ€Ğ¾Ğ²Ğ°Ğ»Ğ¸ÑÑŒ, Ğ½Ğ¾ Ñ‚Ğ¾ Ñ‡Ñ‚Ğ¾ Ğ¾Ğ½ Ğ½Ğ°Ñ‡Ğ°Ğ» Ğ²Ñ‹Ğ´Ğ°Ğ²Ğ°Ñ‚ÑŒ ÑĞ²Ğ¾Ğ¸Ğ¼Ğ¸ ÑˆĞ½ÑƒÑ€Ğ¾Ñ‡ĞºĞ°Ğ¼Ğ¸ ĞµĞ»Ğµ Ğ±Ñ€ÑÑ†Ğ°Ñ Ğ¿Ğ¾ ÑÑ‚Ñ€ÑƒĞ½Ğ°Ğ¼ ÑÑ‚Ğ°Ğ»Ğ¾ ÑˆĞµĞ´ĞµĞ²Ñ€Ğ¾Ğ¼) ĞšĞ°Ğº Ğ¿Ñ€ĞµĞºÑ€Ğ°ÑĞµĞ½ Ğ½Ğ°Ñˆ Ğ½ĞµĞ¿Ñ€ĞµĞ´ÑĞºĞ°Ğ·ÑƒĞµĞ¼Ñ‹Ğ¹ Ğ¼Ğ¸Ñ€."
rn_YodiJO6k3,14,rn_YodiJO6k,This songs Edits are incredible
rn_YodiJO6k4,14,rn_YodiJO6k,ben istanbula kaÃ§ar
yuFI5KSPAt40,15,yuFI5KSPAt4,It has been confirmed that the Red Hot Chili Peppers will embark on a world tour in 2022! Sign up on https://redhotchilipeppers.com for more information.
yuFI5KSPAt41,15,yuFI5KSPAt4,è»½ãè¨€ã£ã¦æœ€é«˜ã‚ˆãª
yuFI5KSPAt42,15,yuFI5KSPAt4,"Everything ucomes to closure, for every fuck nut"
yuFI5KSPAt43,15,yuFI5KSPAt4,RHCP and Smashing Pumpkins have the best music videos.
yuFI5KSPAt44,15,yuFI5KSPAt4,"I play guitar and came across this and am tyinh to perfect the riff, but alongside that i also enjoy this piece so much"
Sb5aq5HcS1A0,16,Sb5aq5HcS1A,It has been confirmed that the Red Hot Chili Peppers will embark on a world tour in 2022! Sign up on https://redhotchilipeppers.com for more information.
Sb5aq5HcS1A1,16,Sb5aq5HcS1A,Can someone answer me this and tell me why their song melody sounds like a sped up version of Tom Petty's Mary Jane's Last Dance??
Sb5aq5HcS1A2,16,Sb5aq5HcS1A,"Getting born in the state of Mississippi
Papa was a copper, and her mama was a hippy
In Alabama she would swing a hammer
Price you got to pay when you break the panorama
She never knew that there was anything more than poor
What in the world does your company take me for?
Black bandanna, sweet Louisiana
Robbing on a bank in the state of Indiana
She's a runner
Rebel, and a stunner
On her merry way saying baby, watcha gonna?
Looking down the barrel of a hot metal forty-five
Just another way to survive
California, rest in peace
Simultaneous release
California, show your teeth
She's my priestess
I'm your priest
Yeah, yeah, yeah
She's a lover, baby, and a fighter
Should've seen it coming when I got a little brighter
With a name like Dani California
Day was gonna come when I was gonna mourn ya
A little loaded, she was stealing another breath
I love my baby to death
California, rest in peace
Simultaneous release
California, show your teeth
She's my priestess
I'm your priest
Yeah, yeah, yeah
Who knew the other side of you?
Who knew that others died to prove?
Too true to say goodbye to you
Too true to say, say, say
Pushed the fader, gifted animator
One for the now, and eleven for the later
Never made it up to Minnesota
North Dakota man
Wasn't gunnin' for the quota
Down in the Badlands she was saving the best for last
It only hurts when I laugh
Gone too fast
California, rest in peace
Simultaneous release
California, show your teeth
She's my priestess
I'm your priest
Yeah, yeah, yeah
California, rest in peace
Simultaneous release
California, show your teeth"
Sb5aq5HcS1A3,16,Sb5aq5HcS1A,"ĞšĞ»Ğ¸Ğ¿ Ğ¸Ğ¼Ğ±Ğ°, Ğ½Ğ¾ Ğ½ĞµÑ‚Ñƒ Ğ³Ñ€ÑƒĞ¿Ğ¿Ñ‹ kiss"
Sb5aq5HcS1A4,16,Sb5aq5HcS1A,Wouldn't have been super fun if they did ABBA too?
JnfyjwChuNU0,17,JnfyjwChuNU,It has been confirmed that the Red Hot Chili Peppers will embark on a world tour in 2022! Sign up on https://redhotchilipeppers.com for more information.
JnfyjwChuNU1,17,JnfyjwChuNU,IncrÃ­vel.
JnfyjwChuNU2,17,JnfyjwChuNU,This  taxi driver  is an exemple  of how a relationship  with a narcisist can be
JnfyjwChuNU3,17,JnfyjwChuNU,Rock cool ğŸ’½ğŸ§‘â€ğŸ¤
JnfyjwChuNU4,17,JnfyjwChuNU,Iâ€™ll never understand fucknuts like that
Mr_uHJPUlO80,18,Mr_uHJPUlO8,Som do carai !!!!!!!!
Mr_uHJPUlO81,18,Mr_uHJPUlO8,"ĞŸĞ¾ÑĞ¿ĞµĞ»Ğ¸ Ğ²Ğ¸ÑˆĞ½Ğ¸ Ğ² ÑĞ°Ğ´Ñƒ Ñƒ Ğ´ÑĞ´Ğ¸ Ğ’Ğ°Ğ½Ğ¸,
Ğ£ Ğ´ÑĞ´Ñ Ğ’Ğ°Ğ½Ğ¸ Ğ² ÑĞ°Ğ´Ñƒ Ğ¿Ğ¾ÑĞ¿ĞµĞ»Ğ¸ Ğ²Ğ¸ÑˆĞ½Ğ¸..."
Mr_uHJPUlO82,18,Mr_uHJPUlO8,Cool ğŸ˜
Mr_uHJPUlO83,18,Mr_uHJPUlO8,Not really Into rock music but rhcp hits ğŸ˜‚ğŸ˜‚ğŸ˜‚ 2023
Mr_uHJPUlO84,18,Mr_uHJPUlO8,Flea is a fuckin sex machine with that bass
Q0oIoR9mLwc0,19,Q0oIoR9mLwc,It has been confirmed that the Red Hot Chili Peppers will embark on a world tour in 2022! Sign up on https://redhotchilipeppers.com for more information.
Q0oIoR9mLwc1,19,Q0oIoR9mLwc,"Ğ¡Ğ°Ğ¼Ñ‹Ğ¹ Ğ²ĞµĞ»Ğ¸ĞºĞ¸Ğ¹ ĞºĞ»Ğ¸Ğ¿ , Ğ¸ Ğ¿ĞµÑĞ½Ñ"
Q0oIoR9mLwc2,19,Q0oIoR9mLwc,NÃ£o conto mais nada pra vocÃªs vocÃªs nÃ£o tÃ£o nem aÃ­ com nada vai direto pra mÃ£o do matador
Q0oIoR9mLwc3,19,Q0oIoR9mLwc,I was lucky enough to hear this song on its very first radio debut with my mom who was a big chili peppers fan. To this day nothing in their catalog and nothing i have heard from any other band comes close to the feeling i get from this song. Every time i listen to it is like hearing it for the first time.
Q0oIoR9mLwc4,19,Q0oIoR9mLwc,i had no idea this song was 7 years old!!! i thought it just came out!! time flies thats for sure
5qm8PH4xAss0,20,5qm8PH4xAss,I remember seeing this for the 1st time on tv ğŸ˜© I knew he was gon be a problem ğŸ˜ˆ
5qm8PH4xAss1,20,5qm8PH4xAss,The best of Rap
5qm8PH4xAss2,20,5qm8PH4xAss,"this song is for any generation, 90's 2000's 2010's or even 2050's"
5qm8PH4xAss3,20,5qm8PH4xAss,3:57  EMINEM !!!!!â¤
5qm8PH4xAss4,20,5qm8PH4xAss,10 billion who else â¤
SRcnnId15BA0,21,SRcnnId15BA,2023 Anyone?
SRcnnId15BA1,21,SRcnnId15BA,big show lmfao
SRcnnId15BA2,21,SRcnnId15BA,I'm just here because of Mosquito Man
SRcnnId15BA3,21,SRcnnId15BA,[..........................................................][..........................................................][..........................................................]
SRcnnId15BA4,21,SRcnnId15BA,"Ğ­Ñ‚Ğ¾ Ğ±Ñ‹Ğ»Ğ¾ Ñ‚Ğ°Ğº Ğ´Ğ°Ğ²Ğ½Ğ¾!! ĞŸÑ€Ğ¸Ğ´ÑƒĞ¼Ğ°Ğ¹ Ñ‡Ñ‚Ğ¾ Ğ½Ğ¸Ğ±ÑƒĞ´ÑŒ.. Ğ¢Ğ°ĞºĞ¾Ğµ Ğ¶Ğµ ĞºÑ€Ğ°ÑĞ¸Ğ²Ğ¾Ğµ, Ğ½Ğ¾ ÑĞ¾Ğ²Ñ€ĞµĞ¼ĞµĞ½Ğ½Ğ¾Ğµ, Ğ±ĞµĞ· Ğ¶Ğ°Ğ»Ğ¾ÑÑ‚Ğ¸!! Ğ­Ñ‚Ğ¾ Ğ±ÑƒĞ´ĞµÑ‚ Ğ¿Ñ€Ğ°Ğ²ĞµĞ»ÑŒĞ½Ğ¾!!"
GllEDACUbNo0,22,GllEDACUbNo,Abre a pipa ao chumbo ou queres ser ZÃ© da pipa o que mais gosto Ã© o que apercia
GllEDACUbNo1,22,GllEDACUbNo,30.09.2023 
GllEDACUbNo2,22,GllEDACUbNo,BÃ¶yle baÅŸlangÄ±Ã§larÄ±n hastayÄ±m ve aÅŸÄ±rÄ± iconik
GllEDACUbNo3,22,GllEDACUbNo,2023 29 de septiembre ğŸ”‰ğŸ”ŠğŸ–²ğŸ’½
GllEDACUbNo4,22,GllEDACUbNo,Fulha b you am Somali
UDApZhXTpH80,23,UDApZhXTpH8,
UDApZhXTpH81,23,UDApZhXTpH8,Old is gold still reminber fuck this ticktock todayğŸ˜‚
UDApZhXTpH82,23,UDApZhXTpH8,ğŸ‡§ğŸ‡·
UDApZhXTpH83,23,UDApZhXTpH8,ğŸ‘ğŸ‘ğŸ‘ğŸ‘
UDApZhXTpH84,23,UDApZhXTpH8,Cool
5D3crqpClPY0,24,5D3crqpClPY,I am fun of many menâ€¦it is still actual in our society
5D3crqpClPY1,24,5D3crqpClPY,"Bought the album straight away 20 years ago and 2 days ago went with my 15 yo son to the concert here in the Netherlands. 
Rhyme means even more to me know than it did then.
Truth."
5D3crqpClPY2,24,5D3crqpClPY,2023 this still hits harder mfsğŸ¥·ğŸ½ğŸ”¥
5D3crqpClPY3,24,5D3crqpClPY,Still one of the top 10 greatest hip-hop music videos in my personal opinion
5D3crqpClPY4,24,5D3crqpClPY,30th September 2023
GNqYWkiBHHw0,25,GNqYWkiBHHw,Toda mi materia buen todo
GNqYWkiBHHw1,25,GNqYWkiBHHw,Me at 13 years old: ğŸ¤ª
GNqYWkiBHHw2,25,GNqYWkiBHHw,50 went hard! What happened to real rap music? Nas is the only one left.
GNqYWkiBHHw3,25,GNqYWkiBHHw,"Bouns,ğŸ˜ƒğŸ¤£ğŸ¤£"
GNqYWkiBHHw4,25,GNqYWkiBHHw,Ğ¨ÑƒÑ‚ĞºĞ¸ Ğ¿Ñ€Ğ¸ĞºĞ¾Ğ» Ğ¿Ñ€Ğ¸ĞºĞ¾Ğ»Ñ‹ Ğ½Ğµ Ğ½Ğ°Ğ´Ğ¾ Ğ¾Ğ±Ğ¸Ğ¶Ğ°ĞµÑ‚ÑÑ Ğ½Ğµ Ğ¿Ğ¾Ğ»ÑƒÑ‡Ğ°ĞµÑ‚ÑÑ Ğ¿ĞµÑĞ¾Ñ‡Ğ½Ğ¸Ñ†Ğ° Ğ³ÑƒĞ»ÑÑ‚ÑŒ Ğ½Ğ°Ğ´Ğ¾ ĞºÑ€Ğ¾Ğ´Ğ¸Ğ» Ğ³ĞµĞ½Ğ° Ñ Ğ¿Ñ€Ğ¸ĞºĞ°Ğ»Ñ‹Ğ²Ğ°ÑÑÑŒ Ñ…Ğ° Ñ…Ğ° Ñ…Ğ° Ñ…Ğ°
cDMhlvbOFaM0,26,cDMhlvbOFaM,"##IT'S THE ""GOD"" IN ""ME""â¤â¤â¤â¤â¤"
cDMhlvbOFaM1,26,cDMhlvbOFaM,Eu tinha um cd black charme nao me lembro qual o vol. Mais era se nao me engano a 2 faixa primeiro amerie depois  50 cent 21 questions nossa mano muito tempo atras kkkkk
cDMhlvbOFaM2,26,cDMhlvbOFaM,I wear a mask a thousand masks
cDMhlvbOFaM3,26,cDMhlvbOFaM,I still love 50's laugh in the beginning when he's counting his moneyğŸ˜­
cDMhlvbOFaM4,26,cDMhlvbOFaM,im still playing this for all the hoes who playing wit me
Zl64MRAqQxk0,27,Zl64MRAqQxk,Best combo always ğŸ¥¹ğŸ”¥ğŸ‘‘ğŸš¬
Zl64MRAqQxk1,27,Zl64MRAqQxk,Em is a lyrical genius but a satanic sell out puppet to the industry!
Zl64MRAqQxk2,27,Zl64MRAqQxk,This song deserve billion views
Zl64MRAqQxk3,27,Zl64MRAqQxk,R I P to R A P is such a gnarly intro
Zl64MRAqQxk4,27,Zl64MRAqQxk,Who doesn't
_vUC0-V2k1E0,28,_vUC0-V2k1E,ğŸ”¥lyric
_vUC0-V2k1E1,28,_vUC0-V2k1E,As mÃºsicas de 50 Cent fizeram-me companhia numa fase marcante da minha trajectÃ³ria de vida... Love untill i die.
_vUC0-V2k1E2,28,_vUC0-V2k1E,This is the national anthem for success!
_vUC0-V2k1E3,28,_vUC0-V2k1E,One of the best songs by 50 cent
_vUC0-V2k1E4,28,_vUC0-V2k1E,Who is the white guy said he doesn't like color guys lmao I have a white ğŸ˜º
UQNLDwQYDDg0,29,UQNLDwQYDDg,Lâ¤V3 50 ğŸ˜ğŸ‡¬ğŸ‡§âœŒğŸ»ğŸ’‹
UQNLDwQYDDg1,29,UQNLDwQYDDg,50 CENT what can I say this is the best remix ever love you man x
UQNLDwQYDDg2,29,UQNLDwQYDDg,Heard this on 107.5 omw to the store I had to find dis!!
UQNLDwQYDDg3,29,UQNLDwQYDDg,Go liv ....â¤ğŸ”¥  this one takes you right BACK
UQNLDwQYDDg4,29,UQNLDwQYDDg,Hi-tech production Roy Ayers sample !
CD-E-LDc3840,30,CD-E-LDc384,ğŸ‘ğŸ‘ğŸ‘ğŸ¸ğŸ¸ğŸ¸
CD-E-LDc3841,30,CD-E-LDc384,The best rock song to listen to while you sleep. Impossible.
CD-E-LDc3842,30,CD-E-LDc384,I wonder if they knew they would be music legends ğŸ¤”
CD-E-LDc3843,30,CD-E-LDc384,This is the kind of music mom used to sing to me at bedtime.
CD-E-LDc3844,30,CD-E-LDc384,nice
tAGnKpE4NCI0,31,tAGnKpE4NCI,Now I get emotional when hearing this now
tAGnKpE4NCI1,31,tAGnKpE4NCI,âœ¨
tAGnKpE4NCI2,31,tAGnKpE4NCI,This is the most overrated band Iâ€™ve ever seen even nirvana is better
tAGnKpE4NCI3,31,tAGnKpE4NCI,Nothing else  matters  is a bad song miravalle
tAGnKpE4NCI4,31,tAGnKpE4NCI,Not really a Metallica fan but this a really great song
wsrvmNtWU4E0,33,wsrvmNtWU4E,An old Irish drinking song.
wsrvmNtWU4E1,33,wsrvmNtWU4E,"!!!!Rock and metal station. Google it: ""shogun rocks laut""  Every friday 24 hours of non-stop metal. Have fun!!!!!!"
wsrvmNtWU4E2,33,wsrvmNtWU4E,My favorite
wsrvmNtWU4E3,33,wsrvmNtWU4E,"W Polsce ze sÅ‚oikÃ³w pije siÄ™ spirytus, w tak zwanych musztardÃ³wkach"
wsrvmNtWU4E4,33,wsrvmNtWU4E,shit version. degenerate video. Metallica you suck. you literally ruined modern music.
Ckom3gf57Yw0,34,Ckom3gf57Yw,Prom night dumpster baby song
Ckom3gf57Yw1,34,Ckom3gf57Yw,"ĞŸĞ¾Ğ» Ğ²ĞµĞºĞ° Ğ¿Ñ€Ğ¾Ğ¶Ğ¸Ñ‚Ğ¾, Ğ° ÑÑ‚Ğ° Ğ¿ĞµÑĞ½Ñ Ğ³Ñ€ĞµĞµÑ‚ Ğ¼Ğ¾Ñ  Ğ´ÑƒÑˆÑƒ.Ğ’ĞºĞ»ÑÑ‡Ğ°Ñ. Ğ•Ğµ ĞºĞ¾Ğ³Ğ´Ğ° Ğ¼Ğ½Ğµ Ğ¾Ñ‡ĞµĞ½ÑŒ. ĞĞ´Ğ¸Ğ½Ğ¾ĞºĞ¾.Ğ¯. ĞŸÑ€Ğ¾ÑÑ‚Ğ¾ Ñ‚Ğ°Ñ‰ÑƒÑÑŒ Ğ¾Ñ‚ ÑÑ‚Ğ¾Ğ¹ Ñ‚ĞµĞ¼Ñ‹."
Ckom3gf57Yw2,34,Ckom3gf57Yw,Death over n over n over n over again again n again best to kill song. Yep that to just bleeding ğŸ©¸ feels good ğŸ‘
Ckom3gf57Yw3,34,Ckom3gf57Yw,Only if u really know what its really about.
Ckom3gf57Yw4,34,Ckom3gf57Yw,"SÃ³ tenho 3 passado merd, na vida"
oTS5cPTqFWM0,35,oTS5cPTqFWM,PERFECT!!! Thank you SO much!!
_u-7rWKnVVo0,37,_u-7rWKnVVo,METALLICA WILL keep being the metal king forever
_u-7rWKnVVo1,37,_u-7rWKnVVo,Good old Metallica is back.
_u-7rWKnVVo2,37,_u-7rWKnVVo,this is KAT
_u-7rWKnVVo3,37,_u-7rWKnVVo,Like Lars could really play double pedal that was edited
_u-7rWKnVVo4,37,_u-7rWKnVVo,"A real Metallica song, l love it ğŸ¤˜"
A8MO7fkZc5o0,38,A8MO7fkZc5o,"Ğ¡Ğ¾Ñ‡Ğ¸Ğ½Ğ¸Ñ‚ÑŒ Ñ‚Ğ°ĞºÑƒÑ ĞºĞ¾Ğ¼Ğ¿Ğ¾Ğ·Ğ¸Ñ†Ğ¸Ñ Ğ¸ Ñ‚Ğ°Ğº Ğ¿Ğ¾Ñ‚Ñ€ÑÑĞ°ÑÑ‰Ğµ ĞµÑ‘ Ğ¸ÑĞ¿Ğ¾Ğ»Ğ½Ğ¸Ñ‚ÑŒ Ğ¼Ğ¾Ğ³ÑƒÑ‚ Ñ‚Ğ¾Ğ»ÑŒĞºĞ¾ Ğ‘Ğ¾Ğ³Ğ¸  Ñ…ĞµĞ²Ğ¸ - Ğ¼ĞµÑ‚Ğ°Ğ»Ğ»Ğ° Ğ¸ ÑÑ‚Ğ¾
ĞœĞ•Ğ¢ĞĞ›Ğ›Ğ˜ĞšĞ !!!"
A8MO7fkZc5o1,38,A8MO7fkZc5o,The undertaker 2000 theme
A8MO7fkZc5o2,38,A8MO7fkZc5o,If you think your missing something itâ€™s this
A8MO7fkZc5o3,38,A8MO7fkZc5o,Dope songs from matalica.
A8MO7fkZc5o4,38,A8MO7fkZc5o,Undertaker hall of fame ğŸ˜ğŸ˜
ZDyDpdFZHBo0,39,ZDyDpdFZHBo,"""Screaming Suicide addresses the taboo word of suicide,â€ says James Hetfield. ""The intention is to communicate about the darkness we feel inside. It's ridiculous to think we should deny that we have these thoughts. At one point or another I believe most people have thought about it. To face it is to speak the unspoken. If it's a human experience, we should be able to talk about it. You are not alone.â€"
ZDyDpdFZHBo1,39,ZDyDpdFZHBo,epicooooooâš¡âš¡âš¡âš¡âš¡âš¡ğŸ˜ğŸ˜ğŸ˜ğŸ˜
ZDyDpdFZHBo2,39,ZDyDpdFZHBo,"I know, we're not alone, but I just wanna hear this song, I know it's Metallica, alright, but why does youtube have to be a.. about it ?"
ZDyDpdFZHBo3,39,ZDyDpdFZHBo,"Metallica have gotta be the most HONEST bands-you speak my TRUTH.â¤People who have absolutely no understanding or insight try to tell me that listening to metal is only making me more depressed and suicidal-NOT TRUE-it's(sadlyğŸ˜¢)relatable.â¤ you guys.Every best wish to my fellow Metallica Family members,may you find peace and healing."
ZDyDpdFZHBo4,39,ZDyDpdFZHBo,Holy
yKNxeF4KMsY0,40,yKNxeF4KMsY,"2023 is approaching 2024 and I'm still listening, I like this songâ˜ºï¸â˜ºï¸"
yKNxeF4KMsY1,40,yKNxeF4KMsY,coldplay its amazing
yKNxeF4KMsY2,40,yKNxeF4KMsY,I'm so grateful to have come across such a wonderful band and such amazing songs. ç´ æ•µãªã‚¢ãƒ¼ãƒ†ã‚£ã‚¹ãƒˆã€ç´ æ•µãªæ›²ã«å‡ºé€¢ãˆã¦å¹¸ã›ã§ã™â¤ğŸ‡¯ğŸ‡µ
yKNxeF4KMsY3,40,yKNxeF4KMsY,"Stanley, mesmo depois do abandono eu continuo amando vc com todas as minhas forÃ§as sei que vc ouve essa mÃºsica entÃ£o por isso estou aqui colocando essa mensagem pra vc.â¤ nao sei se ira ler mais sÃ³ Deus sabe o que tenho passado s3m vc ğŸ’” meu coraÃ§Ã£o dÃ³i e eu nao consigo esquecer vc."
yKNxeF4KMsY4,40,yKNxeF4KMsY,"When I first heard this song round about that was the time that my last year of high school was ending blending into the messier blurs of trying to succeed in a collegiate environment. I also like the Katherine Ho version from Crazy Rich Asians. But last year my newborn niece died unexpectedly at four weeks old and ever since then I have found more solace and hope in this song. So thank you, Coldplay the band."
dvgZkm1xWPE0,41,dvgZkm1xWPE,Cope
dvgZkm1xWPE1,41,dvgZkm1xWPE,This song aged well
dvgZkm1xWPE2,41,dvgZkm1xWPE,Un jour pour rien .
dvgZkm1xWPE3,41,dvgZkm1xWPE,whos from 2023
dvgZkm1xWPE4,41,dvgZkm1xWPE,ğŸ•
FM7MFYoylVs0,43,FM7MFYoylVs,pes 2018 nostalgie
FM7MFYoylVs1,43,FM7MFYoylVs,I ALMIGHTY ERASING ALL COMMANDMANTS 11-60 FROM EVER BEING NOW
FM7MFYoylVs2,43,FM7MFYoylVs,"I ALMIGHTY NEVER SAID CHRISTOPHER ALLEN SALMINEN WAS I HE IS NOW MY PARENT GOD OF ISRAEL, I AM NOT CHRISTOPHER ALLEN SALMINEN"
FM7MFYoylVs3,43,FM7MFYoylVs,JUST ALLOWING FULFILLMENT OF JUDGEMENT TO COMPLETION  SO THE TORTURE ENDS FOR MY PHYSICAL NOW PLEASE
FM7MFYoylVs4,43,FM7MFYoylVs,"Super song, so inspired me. ğŸ˜Š"
RB-RcX5DS5A0,44,RB-RcX5DS5A,Nicole Chung
RB-RcX5DS5A1,44,RB-RcX5DS5A,Buena mÃºsica transmite energÃ­a!
RB-RcX5DS5A2,44,RB-RcX5DS5A,Let's go back to the Stars https://youtu.be/CduA0TULnow
RB-RcX5DS5A3,44,RB-RcX5DS5A,October 2023â™¥ï¸
RB-RcX5DS5A4,44,RB-RcX5DS5A,all love you eu amooooooooooooooooooooooooo
VPRjCeoBqrI0,45,VPRjCeoBqrI,2023 n stillâ¤
VPRjCeoBqrI1,45,VPRjCeoBqrI,2023 anyone??
VPRjCeoBqrI2,45,VPRjCeoBqrI,POV: what the average British parents used to listen to and still do
VPRjCeoBqrI3,45,VPRjCeoBqrI,2023 â¤
VPRjCeoBqrI4,45,VPRjCeoBqrI,"TRT2 TV'de konserlerini izledikten sonra, kulaklÄ±kla tekrar dinleyip keyif almak iÃ§in buraya geldim ğŸ‰ğŸ‰"
1G4isv_Fylg0,46,1G4isv_Fylg,Brazil ğŸ‡§ğŸ‡·ğŸ‡§ğŸ‡·ğŸ‡§ğŸ‡·ğŸ‡§ğŸ‡·
1G4isv_Fylg1,46,1G4isv_Fylg,Eu ouvia essa musica pensando q um dia iria realizar meu  sonhor de ir morar no Estados Unidos.... e agora eu ouÃ§o chorando pq ano  q vem vou realizar meu sonho de ir pro E.U.A. ğŸ˜­ğŸ’— muito obgd coldplay!
1G4isv_Fylg2,46,1G4isv_Fylg,Coldplay - Chicago fire
1G4isv_Fylg3,46,1G4isv_Fylg,"NADSON, O FERINHA"
1G4isv_Fylg4,46,1G4isv_Fylg,Watching from time to time from 2012 up to 2023 and enjoying every timeğŸ˜¢â¤
YykjpeuMNEk0,47,YykjpeuMNEk,Non duality.  Advaita
YykjpeuMNEk1,47,YykjpeuMNEk,00:31 mini Soraka xD
YykjpeuMNEk2,47,YykjpeuMNEk,30/9/2023
YykjpeuMNEk3,47,YykjpeuMNEk,"It makes me feel at the same time nostalgic, sad, happy, motivated. What master piece ğŸ”¥Lots of love"
YykjpeuMNEk4,47,YykjpeuMNEk,â„ğ• ğ•ğ•’ ğ•§
3YqPKLZF_WU0,48,3YqPKLZF_WU,LOVE BTS & COLDPLAY :)
3YqPKLZF_WU1,48,3YqPKLZF_WU,Here in 2023 supporting this AMAZING collab! Love both bands! letâ€™s make it 300 millions and more!ğŸ’œ
3YqPKLZF_WU2,48,3YqPKLZF_WU,The best song
3YqPKLZF_WU3,48,3YqPKLZF_WU,Congrats oohğŸ˜Š
3YqPKLZF_WU4,48,3YqPKLZF_WU,BTS is my universeğŸ¤—ğŸ¤—ğŸ¤—ğŸ¤—ğŸ¤—ğŸ¤—ğŸ’–ğŸ’œğŸ’œğŸ’œğŸ˜Š
k4V3Mo61fJM0,49,k4V3Mo61fJM,Esses bixo sÃ£o foda.ğŸ‘ğŸ»ğŸ˜
k4V3Mo61fJM1,49,k4V3Mo61fJM,AMOOO ğŸ’¥ğŸ’¥ğŸŒŸâ¤ï¸
k4V3Mo61fJM2,49,k4V3Mo61fJM,I'm not even a huge Coldplay fan but this song just hits me!
k4V3Mo61fJM3,49,k4V3Mo61fJM,"I canâ€™t fix myself I donâ€™t fit in this world anymore 
Actually I never did â€¦"
k4V3Mo61fJM4,49,k4V3Mo61fJM,"Bit too on point in my present situation. Iâ€™m alone in the world. My family and friends have either died or betrayed me. Iâ€™m nearing sixty, on disability, and living in my car. The lights wonâ€™t guide me home. My home, and everything I love, including my clothes, has been stolen. Weird, isnâ€™t it, how a song you once loved becomes the sing you canâ€™t bear to hear?"
CCHdMIEGaaM0,50,CCHdMIEGaaM,Alguns meses atrÃ¡s completou um ano que eu virei fÃ£ nÃºmero 1 do daft punk e escuto sem parar as mÃºsicas deles
CCHdMIEGaaM1,50,CCHdMIEGaaM,TambÃ©m â¤alguma informaÃ§Ã£o da minha informaÃ§Ã£o ğŸ˜ŠbancÃ¡ria ğŸ˜Š visto. NÃ£o     dormes            comentÃ¡rios feitas â¤
CCHdMIEGaaM2,50,CCHdMIEGaaM,Wee come to far
CCHdMIEGaaM3,50,CCHdMIEGaaM,Me lembra minha infÃ¢nciazinhaâ¤ğŸ˜Š
CCHdMIEGaaM4,50,CCHdMIEGaaM,AaAaaaaameiii
FGBhQbmPwH80,51,FGBhQbmPwH8,â¤ğŸ˜‚ğŸ‰
FGBhQbmPwH81,51,FGBhQbmPwH8,What more can I say the music keeps. Me going
FGBhQbmPwH82,51,FGBhQbmPwH8,We have i little bit time yet...ğŸ˜…
FGBhQbmPwH83,51,FGBhQbmPwH8,He is so ğŸ˜ ğŸ†’ï¸ ğŸ˜ ğŸ†’ï¸ ğŸ˜ ğŸ†’ï¸
FGBhQbmPwH84,51,FGBhQbmPwH8,Que alguien me lleve 14 aÃ±os atras eso me ase querer esta canciÃ³n
a5uQMwRMHcs0,52,a5uQMwRMHcs,"Like the music, video is too sad to watch "
a5uQMwRMHcs1,52,a5uQMwRMHcs,Felice di aver ascoltato musica di qualitÃ  in vita mia.
a5uQMwRMHcs2,52,a5uQMwRMHcs,ÑĞºĞ¾Ğ»ÑŒĞºĞ¾ Ğ»ÑĞ±Ğ²Ğ¸ Ğ¸ Ğ±Ğ¾Ğ»Ğ¸.. ĞºĞ¾Ğ³Ğ´Ğ° Ğ½ĞµĞ»ÑŒĞ·Ñ Ğ¿Ñ€Ğ¸ĞºĞ¾ÑĞ½ÑƒÑ‚ÑŒÑÑ Ğº Ğ»ÑĞ±Ğ¸Ğ¼Ğ¾Ğ¹ Ğ¸ Ğ²Ğ¸Ğ´ĞµÑ‚ÑŒ ĞµÑ‘ Ñ€ÑĞ´Ğ¾Ğ¼ Ğ¸ Ñ‚Ğ¾Ğ»ÑŒĞºĞ¾ Ğ² ÑĞ¼ĞµÑ€Ñ‚ÑŒ Ğ¾Ğ±ÑŠĞµĞ´Ğ¸Ğ½Ğ¸Ñ‚ Ğ½Ğ°Ñ
a5uQMwRMHcs3,52,a5uQMwRMHcs,Why does this song grip my soul so damn deeply?!
a5uQMwRMHcs4,52,a5uQMwRMHcs,"It's going to come out in a drumless version, which I really loveğŸ˜®"
CCHdMIEGaaM0,53,CCHdMIEGaaM,Alguns meses atrÃ¡s completou um ano que eu virei fÃ£ nÃºmero 1 do daft punk e escuto sem parar as mÃºsicas deles
CCHdMIEGaaM1,53,CCHdMIEGaaM,TambÃ©m â¤alguma informaÃ§Ã£o da minha informaÃ§Ã£o ğŸ˜ŠbancÃ¡ria ğŸ˜Š visto. NÃ£o     dormes            comentÃ¡rios feitas â¤
CCHdMIEGaaM2,53,CCHdMIEGaaM,Wee come to far
CCHdMIEGaaM3,53,CCHdMIEGaaM,Me lembra minha infÃ¢nciazinhaâ¤ğŸ˜Š
CCHdMIEGaaM4,53,CCHdMIEGaaM,AaAaaaaameiii
K0HSD_i2DvA0,54,K0HSD_i2DvA,ğŸ˜ğŸ˜ğŸ§˜ğŸ§‘â€ğŸ¦¯ğŸ§‘â€ğŸ¦¼ğŸ§‘â€ğŸ¦½ğŸ§ğŸš¶ğŸƒğŸ»â€â™€ï¸ğŸ¤¸ğŸ§ğŸ»ğŸ‹ï¸â›¹ï¸ğŸ¤¾ğŸš´ğŸšµğŸ§—ğŸ¤¼ğŸ¤¹ğŸŒï¸ğŸ‡ğŸ¤ºâ›·ï¸ğŸ‚ğŸª‚ğŸ„ğŸš£ğŸŠğŸ¤½ğŸ§œğŸ§šğŸ§ğŸ§ğŸ»â€â™€ï¸ğŸ§™ğŸ»â€â™€ï¸ğŸ§›ğŸ»â€â™€ï¸ğŸ§ŸğŸ§ŒğŸ¦¸ğŸ¦¹ğŸ¥·ğŸ…ğŸ‘¼ğŸ•µğŸ»â€â™‚ï¸ğŸ‘®ğŸ’‚ğŸ‘·ğŸ‘¸ğŸ»ğŸ§‘â€ğŸš€ğŸ¤µğŸ»ğŸ‘°ğŸ¼â€â™€ï¸ğŸ§‘â€âœˆï¸ğŸ§‘â€ğŸ“ğŸ§‘â€ğŸ«ğŸ§‘â€ğŸ”¬ğŸ§‘â€âš•ï¸ğŸ§‘â€ğŸŒ¾ğŸ§‘â€ğŸš’ğŸ§‘â€ğŸ”§ğŸ§‘â€ğŸ­ğŸ‘²ğŸ§‘â€ğŸ’¼ğŸ§‘â€âš–ï¸ğŸ§•ğŸ‘³ğŸ§‘â€ğŸ’»ğŸ§‘â€ğŸ³ğŸ§‘â€ğŸ¤ğŸ§‘â€ğŸ¨ğŸ‘¶ğŸ§‘â€ğŸ¦²ğŸ§‘â€ğŸ¦±ğŸ§’ğŸ‘©ğŸ»ğŸ‘±ğŸ‘µğŸ»ğŸ§‘â€ğŸ¦°ğŸ§‘â€ğŸ¦³ğŸ§”ğŸ‘«ğŸ•´ğŸ»ğŸ‘¬ğŸ‘­ğŸ’ƒğŸ§‘â€ğŸ¤â€ğŸ§‘ğŸ•ºğŸ‘¯ğŸ¤°ğŸ»ğŸ’ğŸ‘©â€â¤ï¸â€ğŸ’‹â€ğŸ‘¨ğŸ‘©â€â¤ï¸â€ğŸ‘©ğŸ‘¨â€â¤ï¸â€ğŸ’‹â€ğŸ‘¨ğŸ‘¨â€â¤ï¸â€ğŸ‘¨ğŸ‘©â€â¤ï¸â€ğŸ’‹â€ğŸ‘©ğŸ‘©â€â¤ï¸â€ğŸ‘¨ğŸ’‘ğŸ¤±ğŸ§‘â€ğŸ¼ğŸ‘¨â€ğŸ‘©â€ğŸ‘§â€ğŸ‘¦
K0HSD_i2DvA1,54,K0HSD_i2DvA,I Love this musicâ¤ğŸ˜Š
K0HSD_i2DvA2,54,K0HSD_i2DvA,Song e video ğŸ”ğŸ”ğŸ”
K0HSD_i2DvA3,54,K0HSD_i2DvA,Around the worldğŸ—£ğŸ—£ğŸ—£ğŸ—£ğŸ”¥ğŸ”¥ğŸ”¥
K0HSD_i2DvA4,54,K0HSD_i2DvA,2023
gAjR4_CbPpQ0,55,gAjR4_CbPpQ,"Work it
Make it
Do it
Makes us

Harder
Better
Faster
Stronger

More than
Hour
Hour
Never

Ever
After
Work is
Over

Work it
Make it
Do it
Makes us

Harder
Better
Faster
Stronger

Work it harder, make it better
Do it faster, makes us stronger

More than ever, hour after hour
Work is never over"
gAjR4_CbPpQ1,55,gAjR4_CbPpQ,Ayo
gAjR4_CbPpQ2,55,gAjR4_CbPpQ,2023
gAjR4_CbPpQ3,55,gAjR4_CbPpQ,"ĞœĞ°ÑĞºĞ¸Ñ€Ğ¾Ğ²ĞºĞ° Ğ¿Ğ¾Ğ´ Ğ·ĞµĞ¼Ğ½Ñ‹Ñ… Ñ‚Ğ¾Ğ»ÑŒĞºĞ¾ Ğ² ""Ğ˜Ğ½Ñ‚ĞµÑ€ÑÑ‚ĞµĞ»Ğ»Ğµ""."
gAjR4_CbPpQ4,55,gAjR4_CbPpQ,2:36
sOS9aOIXPEk0,56,sOS9aOIXPEk,This song is used radio sound traack.
sOS9aOIXPEk1,56,sOS9aOIXPEk,loits
sOS9aOIXPEk2,56,sOS9aOIXPEk,The hardest thing I've had to do... is walk away from loving you.  â¤ï¸
sOS9aOIXPEk3,56,sOS9aOIXPEk,Its like Infinity Repeating.
sOS9aOIXPEk4,56,sOS9aOIXPEk,"Te extraÃ±o, Taularo :("
NF-kLy44Hls0,57,NF-kLy44Hls,JamÃ³n jamÃ³n jamÃ³n jamÃ³n
NF-kLy44Hls1,57,NF-kLy44Hls,Lucho sabe ingles ğŸ¤‘
NF-kLy44Hls2,57,NF-kLy44Hls,Yo escucho lucho sabe inglÃ©s lucho sabe inglÃ©s
NF-kLy44Hls3,57,NF-kLy44Hls,NILES ROGERS has aTop 40 hit here.
NF-kLy44Hls4,57,NF-kLy44Hls,Perdiendome en el ritmo d esta gran canciÃ³n.ğŸ¶ğŸ˜Œ
HhZaHf8RP6g0,58,HhZaHf8RP6g,"They caught the killer, in lousiana"
HhZaHf8RP6g1,58,HhZaHf8RP6g,"Before I seen this video, I heard this song.  I envisioned a castle.  Then , when I watched the video, there was a castle.  I can't comprehend why!"
HhZaHf8RP6g2,58,HhZaHf8RP6g,Why had you an end?? Daft punk you are immortal!!!
HhZaHf8RP6g3,58,HhZaHf8RP6g,I love this song
HhZaHf8RP6g4,58,HhZaHf8RP6g,This is a motherfucking Dragon Quest music
FxzBvqY5PP00,59,FxzBvqY5PP0,SUBANLE LA CALIDAD MANGA DE PELOTUDOS
FxzBvqY5PP01,59,FxzBvqY5PP0,Why are the vocals so quiet in this version is this how it was originally released?
FxzBvqY5PP02,59,FxzBvqY5PP0,"I was driving to Barnes Station in West London to get a train to Putney Station on early Tuesday Morning to go to Work because I work there every week on the Gateline. On the way driving down there, i was listening to BBC Radio 1 and this track by Daft Punk was playing and it really started my day very well. Normally, I work at Putney Station in the afternoons and evenings but this week, I was covering a collegue of mine who normally does that early morning shift was on holiday for a week so I had the privilege to do that for him/her which was a good thing.

This track is true classic by Daft Punk dating back 22 years ago and it really brings me back to my teenage years in 2001 back then."
FxzBvqY5PP03,59,FxzBvqY5PP0,lol when Donald trump gets out of the jet standing there like make America great again
FxzBvqY5PP04,59,FxzBvqY5PP0,O what I do for you ğŸ˜¢
eVTXPUF4Oz40,60,eVTXPUF4Oz4,Just lost a close friend a brother today to suicide this was his favorite bandâ¤Love an miss you always Timothy aka. TJ love you always
eVTXPUF4Oz41,60,eVTXPUF4Oz4,RimarrÃ  sempre la mia canzone preferita dei Linkin Park i miei padri!
eVTXPUF4Oz42,60,eVTXPUF4Oz4,Fun fact: This song actually still plays on radio stations.
eVTXPUF4Oz43,60,eVTXPUF4Oz4,Doesn't matter
eVTXPUF4Oz44,60,eVTXPUF4Oz4,Even in 2023 this songs lyrics hit like a punch! I remember her!!!sadly the past is dead. I put my trust in substances and I did fall.Peace
kXYiU_JCYtU0,61,kXYiU_JCYtU,Rip the legend
kXYiU_JCYtU1,61,kXYiU_JCYtU,Hinding hindi pagsasawaan.LinkinPark/Chester/Legend....â¤â¤â¤ğŸ‡µğŸ‡­ğŸ‡µğŸ‡­ğŸ‡µğŸ‡­
kXYiU_JCYtU2,61,kXYiU_JCYtU,ğŸ˜¢ğŸ˜¢ğŸ˜¢
kXYiU_JCYtU3,61,kXYiU_JCYtU,â¤
kXYiU_JCYtU4,61,kXYiU_JCYtU,Stephen Colbert
8sgycukafqQ0,62,8sgycukafqQ,"Ooh i miss him..he had a rear voice,he was so special ğŸ˜­ğŸ˜­he was linkenparkâ¤â¤ğŸ¤©ğŸ¤©"
8sgycukafqQ1,62,8sgycukafqQ,Transformes
8sgycukafqQ2,62,8sgycukafqQ,RIP CHESTER
8sgycukafqQ3,62,8sgycukafqQ,No muere el que es recordado si no el que es olvidado y chester tu Siempre viviras en mis recuerdos y en mi corazon por siempre.
8sgycukafqQ4,62,8sgycukafqQ,I Thought Stores Where Open At Sundays........
DLlF2FMv9680,63,DLlF2FMv968,ã“ã®ç´ æ™´ã‚‰ã—ã„éŸ³æ¥½ä»Šæ—¥æ€¥ã«æ€ã„å‡ºã—ãŸâ™¥ï¸
DLlF2FMv9681,63,DLlF2FMv968,ãƒã‚³ã¨ã‚¨ã‚¹ã‚«ã‚¤ãƒã‹ã‚‰
DLlF2FMv9682,63,DLlF2FMv968,â¤
DLlF2FMv9683,63,DLlF2FMv968,Thereâ€™s no music like this going on these days
DLlF2FMv9684,63,DLlF2FMv968,legendary live collab performance ever
4qlCC1GOwFw0,64,4qlCC1GOwFw,"à¸œà¸¡à¹€à¸„à¸¢à¹€à¸«à¹‡à¸™à¸œà¸¹à¹‰à¸«à¸à¸´à¸‡à¸„à¸™à¸«à¸™à¸¶à¹ˆà¸‡à¹€à¸‚à¸²à¸«à¸¥à¸¸à¸”à¹à¸¥à¸°à¹€à¸‚à¸²à¸à¸¥à¸±à¸šà¸¡à¸²à¹„à¸”à¹‰à¹€à¸‚à¸²à¹„à¸”à¹‰à¹€à¸›à¹‡à¸™à¸„à¸™à¹€à¸¢à¹‡à¸™à¹à¸¥à¸°à¸«à¸§à¸²à¸™à¸‚à¸¶à¹‰à¸™à¹à¸¥à¸°à¸œà¸¡à¸§à¹ˆà¸²à¹ƒà¸™à¸­à¸²à¸«à¸²à¸£à¸•à¹‰à¸­à¸‡à¸¡à¸µà¸‚à¸™à¸¡à¸«à¸§à¸²à¸™à¸§à¸±à¸™à¸¥à¸°2à¸¡à¸·à¸­à¹€à¸—à¸µà¹‰à¸¢à¸‡à¹à¸¥à¸°à¹€à¸¢à¹‡à¸™à¸™à¸²à¸™à¸™à¸²à¸™à¹„à¸›à¹€à¸‚à¸²à¸ˆà¸°à¸„à¸´à¸”à¹„à¸”à¹‰à¹à¸¥à¸°à¹€à¸‚à¸²à¸à¹‡à¸•à¸²à¸¡à¸­à¸²à¸«à¸²à¸£à¸—à¸µà¹ˆà¹€à¸£à¸²à¹ƒà¸«à¹‰à¸à¸´à¸™à¹€à¸Šà¹ˆà¸™à¸¡à¹€à¸¡à¸™à¸¹à¸­à¸²à¸«à¸²à¸£à¹ƒà¸«à¹‰à¸ªà¸­à¸™à¹€à¸‚à¸²à¸à¸±à¸™à¹ƒà¸™à¹à¸•à¹ˆà¸¥à¸°à¸§à¸±à¸™à¹€à¸‚à¸²à¸•à¹‰à¸­à¸‡à¹€à¸£à¸µà¸¢à¸™à¹€à¸à¸·à¹ˆà¸­à¸¡à¸µà¸„à¸™à¹€à¸à¹ˆà¸‡à¹à¸•à¹ˆà¹€à¸‚à¸²à¸«à¸²à¸‚à¸±à¹‰à¸™à¸šà¸£à¸£à¹„à¸”à¹„à¸¡à¹ˆà¹€à¸ˆà¸­à¹€à¸‚à¸²à¹€à¸¥à¸¢à¸•à¸±à¸™à¹à¸¥à¸°à¸„à¸´à¸”à¸‹à¸³à¹‰à¹€à¸§à¸µà¸¢à¸™à¸ˆà¸™à¹€à¸›à¹‡à¸™à¹‚à¸£à¸„à¸›à¸£à¸°à¸ªà¸²à¸™à¸—à¸±à¸™à¸—à¸µà¹ˆà¸–à¹‰à¸²à¸–à¸²à¸¡à¸œà¸¡à¸à¹‡à¸šà¸­à¸à¸§à¹ˆà¸²à¸¡à¸±à¸™à¹„à¸¡à¹ˆà¸¡à¸µà¸‚à¸±à¹‰à¸™à¸šà¸£à¸£à¹„à¸”à¸–à¹‰à¸²à¸œà¸¡à¸„à¸´à¸”à¹à¸šà¸šà¸œà¸¹à¹‰à¸›à¹ˆà¸§à¸¢à¹à¸¥à¸°à¹€à¸£à¸²à¸ˆà¸°à¸ªà¸­à¸™à¸—à¸¸à¸à¸­à¸¢à¹ˆà¸²à¸‡..à¸œà¸¡à¸§à¹ˆà¸²à¹‚à¸—à¸£à¸—à¸±à¸¨à¸«à¸™à¹‰à¸²à¸ˆà¸°à¹€à¸­à¸²à¹‚à¸›à¸£à¹à¸à¸£à¸¡à¸œà¸¡à¹€à¸‚à¹‰à¸²à¹„à¸›à¹à¸¥à¹ƒà¸™à¸—à¸±à¸™à¸­à¸¢à¸¹à¹ˆà¸‚à¸±à¹‰à¸™à¹„à¸«à¸™à¹à¸¥à¸°à¸šà¸­à¸à¹€à¸‚à¸²à¸§à¹ˆà¸²à¹„à¸¡à¹ˆà¸¡à¸µà¸‚à¸±à¹‰à¸™à¸šà¸£à¸£à¹„à¸”à¸„à¸·à¸­..à¹ƒà¸„à¸£à¸­à¸µà¹‰à¸„à¸§à¹‰à¸²à¸¥à¸¡à¹„à¸”à¹‰à¸¡à¸±à¹‰à¸‡..
à¹à¸„à¹ˆà¸™à¸µà¹‰à¸Šà¹ˆà¸§à¸¢à¸šà¸­à¸à¹€à¸‚à¸²à¸à¸±à¸™à¹à¸¥à¸°à¹€à¸”à¸´à¸™à¸•à¸²à¸¡à¹‚à¸›à¸£à¹à¸à¸£à¸¡à¸œà¸¡à¹à¸¥à¸°à¸”à¸¶à¸‡à¸à¸¥à¸±à¸šà¹ƒà¸«à¹‰à¹„à¸”à¹‰à¸«à¸£à¸·à¸­à¹ƒà¸«à¹‰à¹€à¸‚à¸²à¹ƒà¸Šà¹‰à¹‚à¸—à¸£à¸¨à¸±à¸à¹„à¸”à¹‰à¹€à¸­à¸²à¹à¸šà¸šà¹€à¸­à¹„à¸­à¸•à¸±à¸§à¸•à¹ˆà¸­à¸•à¸±à¸§à¹€à¸¥à¸¢..à¸œà¸¡à¸„à¸´à¸”à¸™à¸°à¸§à¹ˆà¸²à¹€à¸‚à¸²à¹€à¸à¹ˆà¸‡à¹à¸•à¹ˆà¹€à¸‚à¸²à¸•à¹‰à¸”à¸—à¸µà¹ˆà¸§à¹ˆà¸²à¸¡à¸±à¸™à¸¢à¸·à¸™à¸¢à¸±à¸™à¹„à¸¡à¹ˆà¹„à¸”à¹‰à¹€à¸—à¹ˆà¸²à¸™à¸±à¹‰à¸™à¹à¸¥à¸°à¹ƒà¸«à¹‰à¹€à¸‚à¸²à¸à¹‰à¸²à¸§à¸‚à¹‰à¸²à¸¡à¹à¸¥à¸°à¹€à¸£à¸µà¸¢à¸™à¸—à¸²à¸‡à¹‚à¸—à¸£à¸¨à¸±à¸à¸¡à¸µà¸ªà¸´à¸—à¸˜à¸´à¸«à¸²à¸¢à¸«à¸²à¸¢à¸à¹‡à¹ƒà¸«à¹‰à¹€à¸‚à¸²à¸à¸¥à¸±à¸šà¸šà¹‰à¸²à¸™à¹„à¸”à¹‰..à¸„à¸£à¸­à¸šà¸„à¸£à¸±à¸§à¸­à¸šà¸­à¸¸à¹ˆà¸™à¸—à¸µà¹ˆà¸ªà¸¸à¸”à¸–à¸¶à¸‡à¸œà¸¡à¸§à¹ˆà¸²à¹‚à¸­à¸à¸²à¸¨à¸œà¹ˆà¸²à¸™à¸™à¸°60à¹€à¸›à¸­à¹€à¸‹à¹‡à¸™à¹à¸™à¹ˆ"
4qlCC1GOwFw1,64,4qlCC1GOwFw,What can be said it's Rubbish
4qlCC1GOwFw2,64,4qlCC1GOwFw,Amazing and powerful song. I still remember it since the first time I heard it 23 years ago. R.I.P. Chester.
4qlCC1GOwFw3,64,4qlCC1GOwFw,Shut up when I'm talking to you ğŸ˜‚
4qlCC1GOwFw4,64,4qlCC1GOwFw,ğŸ˜¢
LYU-8IFcDPw0,65,LYU-8IFcDPw,à¸œà¸¡à¸„à¸´à¸”à¸•à¸²à¸¡à¸ à¸²à¸©à¸²à¸œà¸¡à¸„à¸´à¸”à¸§à¹ˆà¸²à¸à¸­à¸ˆà¸´à¸•à¸¡à¸±à¸™à¸à¸¥à¸±à¸§à¸¡à¸±à¸™à¸ˆà¸°à¸ªà¸£à¹‰à¸²à¸‡à¹€à¸ªà¸µà¸¢à¸‡à¸™à¸±à¹‰à¸™à¸‚à¸¶à¹‰à¸™à¸¡à¸²à¹€à¸­à¸‡à¹à¸•à¹ˆà¸šà¸²à¸‡à¸—à¸µà¹ˆà¹€à¸‚à¸²à¹„à¸¡à¹ˆà¸—à¸³à¸—à¸µà¹ˆà¹€à¹€à¸•à¹ˆà¸¡à¸±à¸™à¸ªà¸£à¹‰à¸²à¸‡à¹€à¸ªà¸µà¸¢à¸‡à¸‚à¸¶à¹‰à¸™à¸¡à¸²à¹€à¸­à¸‡à¹€à¸‚à¸²à¹€à¸£à¸µà¸¢à¸à¸§à¹ˆà¸²à¸«à¸¥à¸­à¸™à¸™à¸µà¹‰à¸œà¸¡à¸à¸¶à¹ˆà¸‡à¹€à¸ˆà¸­..à¸šà¸²à¸‡à¸—à¸µà¹ˆà¹€à¸£à¸²à¸•à¹‰à¸­à¸‡à¸£à¸¹à¹‰à¹€à¸—à¹ˆà¸²à¸—à¸±à¸™à¸•à¸²à¸¡à¸„à¸§à¸²à¸¡à¸„à¸´à¸”à¸–à¹‰à¸²à¸¡à¸±à¸™à¸­à¸µà¹‰à¸«à¸¥à¸­à¸™à¸¡à¸±à¸™à¸ªà¸£à¹‰à¸²à¸‡à¹€à¸­à¸‡à¹à¸¥à¹‰à¸§à¸à¸§à¸à¹€à¸›à¹‡à¸™à¹‚à¸£à¸‡à¸›à¸£à¸°à¸ªà¸²à¸™à¸—à¸µà¹ˆà¸ªà¸¸à¸£à¸²à¸©..à¸œà¸¡à¸§à¹ˆà¸²à¸šà¸²à¸‡à¸„à¸™à¸ªà¸¡à¸­à¸‡à¸¡à¸±à¸™à¸ˆà¸°à¸ªà¸£à¹‰à¸²à¸‡à¸‚à¸¶à¹‰à¸™à¹€à¸­à¸‡à¹à¸¥à¸°à¸—à¸³à¹ƒà¸«à¹‰à¸ˆà¸´à¸•à¸à¸¥à¸±à¸§à¸ˆà¸™à¸ˆà¸´à¸•à¸•à¸±à¸§à¹€à¸¥à¹‡à¸à¹€à¸§à¸¥à¸²à¸­à¸¢à¸¹à¹ˆà¹ƒà¸™à¸«à¹‰à¸­à¸‡à¸‚à¸­à¸‡à¸«à¸±à¸§à¹ƒà¸ˆà¸¡à¸±à¸™à¸•à¸±à¸§à¹€à¸¥à¹‡à¸à¹€à¸§à¸¥à¸²à¸à¸¥à¸±à¸§à¹à¸¥à¸°à¸ªà¸¡à¸­à¸‡à¸ªà¸£à¹‰à¸²à¸‡à¸‚à¸¶à¹‰à¸™à¸¡à¸²à¹€à¸­à¸‡à¸–à¹‰à¸²à¹„à¸¡à¹ˆà¹à¸‚à¹ˆà¸‡à¸à¸­à¸„à¸·à¸­à¸«à¸¥à¸¸à¸”..à¸œà¸¡à¸™à¸°à¸«à¸²à¸¢à¹à¸¥à¹‰à¸§à¹€à¸£à¸·à¹ˆà¸­à¸‡à¹à¸šà¸šà¸™à¸µà¹‰à¸¡à¸±à¸™à¸­à¸¢à¸¹à¹ˆà¸—à¸µà¹ˆà¹ƒà¸ˆà¹à¸•à¹ˆà¸„à¸™à¹à¸šà¸šà¸™à¸±à¹‰à¸™à¹€à¸£à¸²à¸­à¸µà¹‰à¹ˆà¸§à¸¢à¸à¸£à¸·à¸­à¸„à¸·à¸­1à¸ˆà¸´à¸•à¸•à¸±à¸§à¹€à¸¥à¹‡à¸à¹à¸¥à¹‰à¸§à¸à¸­à¸ªà¸¡à¸­à¸‡à¸ªà¸£à¹‰à¸²à¸‡à¹€à¸£à¸·à¹ˆà¸­à¸‡à¸‚à¸¶à¹‰à¸™à¸¡à¸²à¸™à¸²à¸™à¸™à¸²à¸™à¸ˆà¸´à¸•à¸ˆà¸°à¸à¸¥à¸±à¸§à¹à¸¥à¸°à¸•à¸±à¸§à¹€à¸¥à¹‡à¸à¸„à¸·à¸­à¸à¸¥à¸±à¸§à¹€à¸«à¸¡à¸·à¹ˆà¸­à¸™à¸à¸§à¸à¸à¸¥à¸±à¸§à¸¥à¸¡..à¸¥à¸¡à¸±à¸”à¸¡à¸²à¸à¹‡à¸à¸¥à¸±à¸§à¹à¸¥à¸°à¸ªà¸¡à¸­à¸‡à¹€à¸‚à¸­à¸‡à¹€à¸‚à¸²à¹€à¸£à¸²à¸­à¸µà¹‰à¹à¸à¹‰à¸œà¸¡à¸„à¸´à¸”à¸™à¸°à¸–à¹‰à¸²à¹€à¸‚à¸²à¹€à¸›à¹‡à¸™à¸à¸±à¸™à¸ªà¸¡à¸­à¸‡à¹€à¸‚à¸²à¸ˆà¸°à¸„à¸´à¸”à¸‹à¸³à¹‰à¸­à¸¢à¸¹à¹ˆà¸•à¸¥à¸­à¸”à¹€à¸£à¸²à¹€à¸¥à¸¢à¹„à¸›à¹à¸à¹‰à¸—à¸µà¹ˆà¸ªà¸¡à¸­à¸‡à¸„à¸·à¸­à¹ƒà¸«à¹‰à¸à¸´à¸™à¹à¸¥à¹‰à¸§à¸™à¸­à¸™à¹à¸¥à¸°à¸–à¹‰à¸²à¹„à¸¡à¹ˆà¸™à¸­à¸™à¸à¹‡à¹ƒà¸«à¹‰à¹€à¸¡à¸²à¸¥à¸­à¸¢à¹„à¸›à¹€à¸¥à¸¢à¸„à¸·à¸­à¸à¸±à¸à¸ªà¸¡à¸­à¸‡à¸à¹ˆà¸­à¸™à¹à¸¥à¸°à¸§à¸´à¸˜à¸µà¹à¸à¹‰à¸„à¸·à¸­à¹ƒà¸™à¸­à¸²à¸«à¸²à¸£à¸•à¹‰à¸­à¸‡à¹ƒà¸ªà¹ˆà¸à¸±à¸™à¸Šà¸²à¹ƒà¸™à¹à¸à¸‡à¹ƒà¸™à¹ƒà¸«à¹‰à¸—à¸¸à¸à¸¡à¸·à¸­à¹„à¸›à¹€à¸¥à¸¢à¹„à¸«à¸™à¹„à¸«à¸™à¸à¹‡à¹€à¸ªà¸µà¸¢à¹„à¸›à¹à¸¥à¹‰à¸§à¸‚à¸­à¸‚à¹‰à¸­à¹à¸à¹‰à¸ªà¸±à¸à¸—à¸µà¹ˆà¹€à¸à¸·à¹ˆà¸­à¸–à¸¹à¸..à¹€à¸‚à¹„à¸”à¹‰à¸à¸¥à¸±à¸šà¸¡à¸²à¸­à¸¢à¸¹à¹ˆà¸à¸±à¸šà¸à¸§à¸à¹€à¸£à¸²à¹„à¸”à¹‰à¸„à¸·à¸­à¸—à¸à¸§à¸±à¸™à¸à¸´à¸™à¹à¸šà¹‰à¸§à¸™à¸­à¸™à¸à¹‡à¸™à¸­à¸™à¹„à¸›à¸à¸§à¸à¹„à¸«à¸™à¹„à¸¡à¹ˆà¸™à¸­à¸™à¸›à¸¥à¹ˆà¸­à¸¢à¹ƒà¸«à¹‰à¸¥à¸­à¸¢à¹„à¸›à¸„à¸·à¸­à¸à¸±à¸à¸ªà¸¡à¸­à¸‡à¸à¹ˆà¸­à¸™à¹à¸¥à¸°à¸à¸±à¸™à¸Šà¸²à¹ƒà¸ªà¹ˆà¸¡à¸²à¸à¹€à¸›à¹‡à¸™à¸à¸´à¹€à¸¨à¸©à¸ªà¸±à¸à¸«à¸´à¸”..à¹€à¸à¸£à¸²à¸°à¹€à¸‚à¸²à¹„à¸›à¹„à¸à¸¥à¹à¸¥à¹‰à¸§à¹à¸•à¹ˆà¸–à¹‰à¸²à¹€à¸£à¸²à¸à¸¹à¸¡à¸²à¹„à¸”à¹‰à¸–à¸·à¸­à¸§à¹ˆà¸²à¸ªà¸¸à¸”à¸¢à¸­à¸”à¹€à¸£à¸²à¹..à¹à¸¥à¸°à¸ˆà¸´à¸•à¹€à¸£à¸²à¸—à¸³à¸à¸£à¸·à¸­à¸à¹‡à¸œà¸¹à¹‰à¸›à¹ˆà¸§à¸¢à¸—à¹ˆà¸­à¸‡à¸•à¸²à¸¡à¸«à¸¡à¸­à¹€à¸‚à¸µà¸¢à¸™à¹à¸¥à¸°à¹ƒà¸«à¹‰à¹€à¸‚à¸²à¸—à¹ˆà¸­à¸‡à¸•à¸²à¸¡à¹€à¸Šà¹ˆà¸™à¸„à¸³à¸§à¹ˆà¸²à¸ªà¸²à¸˜à¸²à¸£à¸°à¸™à¸°à¸ªà¸¸à¸‚..à¸«à¸£à¸·à¸­2à¸–à¸¶à¸‡3à¹€à¸Šà¹ˆà¸™à¸ˆà¸´à¸•à¹‚à¸•à¸«à¸²à¹ƒà¸«à¹‰à¹„à¸”à¹‰à¸«à¸¥à¸²à¸¢à¸„à¸³à¹ƒà¹‰à¸«à¹‰à¹€à¸‚à¸²à¸à¸¹à¸”à¹€à¸‚à¸²à¸—à¹ˆà¸­à¸‡à¹€à¸à¸·à¹ˆà¸­à¹ƒà¸«à¹‰à¸ˆà¸´à¸•à¹‚à¸•
LYU-8IFcDPw1,65,LYU-8IFcDPw,"Rest in peace, Chester."
LYU-8IFcDPw2,65,LYU-8IFcDPw,The time when music have meaning and power to boost your mood/life. RIP Chester... Thank you!
LYU-8IFcDPw3,65,LYU-8IFcDPw,Hi DIAMOND MIDDLETON AND FRIENDS of us numbskulls
LYU-8IFcDPw4,65,LYU-8IFcDPw,"Mi hijo de 8 aÃ±os quisiera verte vivo Chester, vivirÃ¡s por siempre en la mÃºsica que nos dejaste"
OnuuYcqhzCE0,66,OnuuYcqhzCE,"I miss Chester
and Chris."
OnuuYcqhzCE1,66,OnuuYcqhzCE,Disco graphy?? Hmmm..
OnuuYcqhzCE2,66,OnuuYcqhzCE,Pensar que lo compre a 5 pesos al album en una feria lo volvi a escuchar por Spotify y sigue dando esas vibras que te daba likin park
OnuuYcqhzCE3,66,OnuuYcqhzCE,I miss you Chester ğŸ˜¢
OnuuYcqhzCE4,66,OnuuYcqhzCE,Linkin Park will never be live agian- it's sad
vjVkXlxsO8Q0,67,vjVkXlxsO8Q,Michael  Shada
vjVkXlxsO8Q1,67,vjVkXlxsO8Q,Michael  Shoda
vjVkXlxsO8Q2,67,vjVkXlxsO8Q,TGAD KLAUSOS DÄ’MOÅ…US
vjVkXlxsO8Q3,67,vjVkXlxsO8Q,herllo my friends i hope so if jou like here blja
vjVkXlxsO8Q4,67,vjVkXlxsO8Q,Sept 2023 anyone?
Gd9OhYroLN00,68,Gd9OhYroLN0,I love how this song become the official emo stereotype song.
Gd9OhYroLN01,68,Gd9OhYroLN0,ğŸ‡§ğŸ‡·ğŸ¶
Gd9OhYroLN02,68,Gd9OhYroLN0,"let us sell it, ""don't ever make a neo rite a friend, cause they only make everything HOVER POINT and listen to it."" Love Nat and Chris, ey at least it's not alcohol poisoning."
Gd9OhYroLN03,68,Gd9OhYroLN0,I love this musical crew linking parkâ¤â¤
Gd9OhYroLN04,68,Gd9OhYroLN0,"Chester was cool,"
dxytyRy-O1k0,69,dxytyRy-O1k,Me not u
dxytyRy-O1k1,69,dxytyRy-O1k,The story of our lives and our legacy as the human race if stay this course.
dxytyRy-O1k2,69,dxytyRy-O1k,Rip LP
dxytyRy-O1k3,69,dxytyRy-O1k,Who else here today still miss Chester-The legendâ¤ï¸ğŸ¥ºğŸ˜”
dxytyRy-O1k4,69,dxytyRy-O1k,"Chester, thank you for the greatness you blessed us with. Rest in peace my man"
XFkzRNyygfk0,70,XFkzRNyygfk,A mÃºsica foi citada na sÃ©rie â€œo vazioâ€
XFkzRNyygfk1,70,XFkzRNyygfk,A letra desta mÃºsica nÃ£o tem idiomas pois sinto que ela tras a mesma sensaÃ§Ã£o em todos os idiomas pois sou brasileiro e parece que estÃ¡ em portuguÃªs
XFkzRNyygfk2,70,XFkzRNyygfk,"There are many great covers of this song, but somehow Chrissie Hinds gets under my skin like no other"
XFkzRNyygfk3,70,XFkzRNyygfk,Wait
XFkzRNyygfk4,70,XFkzRNyygfk,Estou aqui novamente. Curtindo esse clÃ¡ssico do nosso rock.
u5CVsCnxyXg0,71,u5CVsCnxyXg,This song is just amazing
u5CVsCnxyXg1,71,u5CVsCnxyXg,"Guy tries to kill himself by inhaling carbon monoxide but his fire alarm goes off.
No alarms and no surprises this timeâ€¦"
u5CVsCnxyXg2,71,u5CVsCnxyXg,Hello
u5CVsCnxyXg3,71,u5CVsCnxyXg,bro this song gets me every single time
u5CVsCnxyXg4,71,u5CVsCnxyXg,Such a pretty house
1uYWYWPc9HU0,72,1uYWYWPc9HU,why this song is under 100m views ?
1uYWYWPc9HU1,72,1uYWYWPc9HU,George Lucas version of Blood Simple adds this song to the movie. ;) I love this song and Radiohead by the way. One of my favorite bands.
1uYWYWPc9HU2,72,1uYWYWPc9HU,For my Grandmother They shoved her into a filthy nursing home. Vindicta mea est.
1uYWYWPc9HU3,72,1uYWYWPc9HU,Rest in Heaven Cousin.Christâ¤â¤â¤
1uYWYWPc9HU4,72,1uYWYWPc9HU,cuando se meten con nosotrosğŸ˜‚ğŸ˜‚ğŸ˜‚ğŸ˜‚ğŸ˜‚ sigan riendo
TNRCvG9YtYI0,75,TNRCvG9YtYI,"La unica musica que me lleva a otro mundo, lejos de todo."
TNRCvG9YtYI1,75,TNRCvG9YtYI,"Tobias Stretch, Artist"
TNRCvG9YtYI2,75,TNRCvG9YtYI,"In the deepest ocean
The bottom of the sea
Your eyes
They turn me
Why should I stay here?
Why should I stay?
I'd be crazy not to follow
Follow where you lead
Your eyes
They turn me
Turn me into phantoms
I follow to the edge
Of the earth
And fall off
Yeah, everybody leaves
If they get the chance
And this...
Is my chance
I get eaten by the worms
And weird fishes
Picked over by the worms
And weird fishes
Weird fishes
Weird fishes
Yeah I, I'll hit the bottom
Hit the bottom and escape
Escape
I, I hit the bottom
Hit the bottom and escape
Escape"
TNRCvG9YtYI3,75,TNRCvG9YtYI,"the ""hmmm"" at the start is so sick"
TNRCvG9YtYI4,75,TNRCvG9YtYI,Such a beautiful song. I almost feel my heart breaking.
GoLJJRIWCLU0,76,GoLJJRIWCLU,Thom Yorke understood the assignment.
GoLJJRIWCLU1,76,GoLJJRIWCLU,"Does anyone have any idea how to execute a similar face tracking shot as seen here, but without a helmet in view? Only the illusion visual of the head being tracked?"
GoLJJRIWCLU2,76,GoLJJRIWCLU,mi fav
GoLJJRIWCLU3,76,GoLJJRIWCLU,3:11 dicks Falling into Place
GoLJJRIWCLU4,76,GoLJJRIWCLU,This is like walkinf around with a full body mirror
n5h0qHwNrHk0,77,n5h0qHwNrHk,im 200 and have been divorced 6 and a half times... this song got me through it every single time!!! Rock on Radioshead.
n5h0qHwNrHk1,77,n5h0qHwNrHk,"a pirate looking for his head:
3:37"
n5h0qHwNrHk2,77,n5h0qHwNrHk,I've got a spreadsheet called fake plastic trees....and it's mainly red.
n5h0qHwNrHk3,77,n5h0qHwNrHk,And if I could be who you wanted
n5h0qHwNrHk4,77,n5h0qHwNrHk,"I've just discovered that Norman Reedus is in the video. By the way, such a great song..."
oIFLtNYI3Ls0,78,oIFLtNYI3Ls,the way he dances around the microphone is like the special Ed kid in dance class
oIFLtNYI3Ls1,78,oIFLtNYI3Ls,one of my favorite musicians
oIFLtNYI3Ls2,78,oIFLtNYI3Ls,greetings from north battleford saskatchewan canada!
oIFLtNYI3Ls3,78,oIFLtNYI3Ls,"This was definitely ONE of my favourites from the album, but after watching the music video, it is definitely MY favourite"
oIFLtNYI3Ls4,78,oIFLtNYI3Ls,The guy lying down discovered the meaningless of life.
BbWBRnDK_AE0,79,BbWBRnDK_AE,This song is simply magnificent pure golden wave of fresh air take a breath
BbWBRnDK_AE1,79,BbWBRnDK_AE,heaven
BbWBRnDK_AE2,79,BbWBRnDK_AE,drogadiiiiiiiiiiiiiiiiiictooooooooooooooooooooooooooooooooooooooooo
BbWBRnDK_AE3,79,BbWBRnDK_AE,Yo let me hit that.
BbWBRnDK_AE4,79,BbWBRnDK_AE,Sounds like a dream
l482T0yNkeo0,80,l482T0yNkeo,Essa mÃºsica lembra o Dean Winchester
l482T0yNkeo1,80,l482T0yNkeo,Listening since I was 7 ğŸ˜˜
l482T0yNkeo2,80,l482T0yNkeo,"Lo sigo diciendo ,el mejor vocalista d ac dc!"
l482T0yNkeo3,80,l482T0yNkeo,"Imagina la vida sin AC/DC ; yo tengo 44 aÃ±os y reciÃ©n , realmente reciÃ©n los escucho detenidamente. Maravilloso sonido ğŸ¼ğŸ§"
l482T0yNkeo4,80,l482T0yNkeo,Hutd
v2AC41dglnM0,81,v2AC41dglnM,Im not 1
v2AC41dglnM1,81,v2AC41dglnM,Close your eyes and it sounds like Donald duck is singing
v2AC41dglnM2,81,v2AC41dglnM,"Esto es rock gente, definitivamente con mis 15 aÃ±os hoy en dÃ­a los fines de semana pongo este tema a todo volumen y me encanta me fascina estrellas AC/DC ğŸ¤Ÿâ¤ï¸â€ğŸ”¥"
v2AC41dglnM3,81,v2AC41dglnM,I know this is music and I love it
v2AC41dglnM4,81,v2AC41dglnM,Lieblingslied!!!
pAgnJDJN4VA0,82,pAgnJDJN4VA,Inspiration
pAgnJDJN4VA1,82,pAgnJDJN4VA,â¤
pAgnJDJN4VA2,82,pAgnJDJN4VA,Algum BR  ouvindo esta obra prima ??
pAgnJDJN4VA3,82,pAgnJDJN4VA,ĞÑ‚Ğ»Ğ¸Ñ‡Ğ½Ğ°Ñ Ğ¿ĞµÑĞ½Ñ! Ğ”Ğ»Ñ Ğ½Ğ¾Ñ€Ğ¼Ğ°Ğ»ÑŒĞ½Ñ‹Ñ… Ğ¿Ğ°Ñ€Ğ½ĞµĞ¹!
pAgnJDJN4VA4,82,pAgnJDJN4VA,INSANE SO BADLY
Lo2qQmj0_h40,83,Lo2qQmj0_h4,Fuckin Great
Lo2qQmj0_h41,83,Lo2qQmj0_h4,It's saturday and I'm getting pissed tonight ğŸ˜‚
Lo2qQmj0_h42,83,Lo2qQmj0_h4,My Brettoâ¤ miss you very much xxx
Lo2qQmj0_h43,83,Lo2qQmj0_h4,"Of course, as long as u got rhythm! Good  ol  days!ğŸ¥€ğŸ˜ğŸ¤£"
Lo2qQmj0_h44,83,Lo2qQmj0_h4,"Also fun fact ,enjoyed by grannies after a long day minding our grandchildren xx"
44XYEeD1A1U0,84,44XYEeD1A1U,AC\DC LO MEJOR POR LEJOS
44XYEeD1A1U1,84,44XYEeD1A1U,Tnt rules!!!!ğŸ’£ğŸ’£ğŸ’¥ğŸ’¥ğŸ’£ğŸ’¥ğŸ§¨ğŸ§¨ğŸ§¨ğŸ§¨ğŸ§¨ğŸ§¨ğŸ§¨ğŸ’£ğŸ’¥ğŸ§¨ğŸ§¨ğŸ’¥ğŸ’£ğŸ§¨ğŸ’¥ğŸ’¥ğŸ’¥ğŸ’£ğŸ§¨ğŸ§¨ğŸ§¨ğŸ’£ğŸ’£ğŸ’¥ğŸ’¥ğŸ’¥ğŸ’¥ğŸ’¥ğŸ’¥ğŸ’£ğŸ’£ğŸ’£ğŸ§¨ğŸ§¨
44XYEeD1A1U2,84,44XYEeD1A1U,Yep it does
44XYEeD1A1U3,84,44XYEeD1A1U,"Lo mejor que tienen los gringos la musica , saludos desde Argentina"
44XYEeD1A1U4,84,44XYEeD1A1U,â¤â¤â¤
etAIpkdhU9Q0,85,etAIpkdhU9Q,Que las melodÃ­as que escuches hoy traigan una sonrisa a tu rostro y un salto a tu paso.
etAIpkdhU9Q1,85,etAIpkdhU9Q,HELLS BELLS
etAIpkdhU9Q2,85,etAIpkdhU9Q,AC/DC ... forever and ever... My great love...  ğŸ’‹ğŸŒ¹â¤ğŸ¤ŸğŸ¼
etAIpkdhU9Q3,85,etAIpkdhU9Q,Are you guys ready to spear the opposing team's quarterback too
etAIpkdhU9Q4,85,etAIpkdhU9Q,monsters
jsjdjWGDvFk0,86,jsjdjWGDvFk,Jojo
jsjdjWGDvFk1,86,jsjdjWGDvFk,This song makes me wanna travel dimensions
jsjdjWGDvFk2,86,jsjdjWGDvFk,Unpleasant acts done at a price reasonable is very good
jsjdjWGDvFk3,86,jsjdjWGDvFk,D4C
jsjdjWGDvFk4,86,jsjdjWGDvFk,"This song is so good, itâ€™s like it came from *an alternate universe.*"
xRQnJyP77tY0,87,xRQnJyP77tY,"Brian's high notes on ""pull the trigger"" are insane ğŸ”¥"
xRQnJyP77tY1,87,xRQnJyP77tY,ĞĞ˜Ğ¡Ğ§ĞĞš AC/DC!!!From the moment of birth!!!
xRQnJyP77tY2,87,xRQnJyP77tY,...................
xRQnJyP77tY3,87,xRQnJyP77tY,2ğŸ‰1st awful LOL ACDC â¤higher HI ğŸ‰Hell just ride hiway 2 hell.OK L always look twice 5 Ã—s UNOO nothing. â¤ So Hard ACDC
xRQnJyP77tY4,87,xRQnJyP77tY,"Sexy, and playful!â€¦ Perfect!"
j9Z39Uqybcw0,88,j9Z39Uqybcw,"It's A Long Way To The Top (If You Wanna Rock N' Roll) got 10,000 views, Thanks a lot everyone, Congratulations!"
j9Z39Uqybcw1,88,j9Z39Uqybcw,Im sorry but its how i feel!!!! Its the fucking best ever ever ever ever!!!!!!!!!!!!!!ğŸ‰
j9Z39Uqybcw2,88,j9Z39Uqybcw,The best music ğŸ¶ I've been rocking sense 40 years ago
j9Z39Uqybcw3,88,j9Z39Uqybcw,Bon Scott  was the greatest  without a doubt!And the crowd acted like they were from Bugtussel or something lol.
j9Z39Uqybcw4,88,j9Z39Uqybcw,Hell Yeah! Old school AC/DC in the backyard! FTW
FrFvNphZ5BQ0,89,FrFvNphZ5BQ,ACâš¡ DCâš¡
FrFvNphZ5BQ1,89,FrFvNphZ5BQ,"Banda que chacoalha qualquer tribo, respeitada por todos estilos musicais, nÃ£o tem quem nÃ£o goste deles, tudo o que eles fazem fica bom! Curto demais!!!"
FrFvNphZ5BQ2,89,FrFvNphZ5BQ,Eu amooooooooooo com todas as minhas forÃ§as â¤ï¸ğŸ˜
FrFvNphZ5BQ3,89,FrFvNphZ5BQ,â™¡
FrFvNphZ5BQ4,89,FrFvNphZ5BQ,"ĞĞ¡/Ğ”Ğ¡,Ğ­Ğ¢Ğ ĞšĞ Ğ£Ğ¢Ğ!ĞšĞ›ĞĞ¡Ğ¡Ğ˜ĞšĞ Ğ ĞĞšĞ,ĞĞ Ğ’Ğ¡Ğ• Ğ’Ğ Ğ•ĞœĞ•ĞĞ!ĞšĞ ĞĞ¡ĞĞ’Ğ§Ğ˜ĞšĞ˜!!!"
uSD4vsh1zDA0,90,uSD4vsh1zDA,2023â¤â¤
uSD4vsh1zDA1,90,uSD4vsh1zDA,This  song  brings  a lot  of joy  to the song. it  connects.
uSD4vsh1zDA2,90,uSD4vsh1zDA,zonder music word je niet oud.
uSD4vsh1zDA3,90,uSD4vsh1zDA,2024â¤
uSD4vsh1zDA4,90,uSD4vsh1zDA,Im gonna cry ğŸ˜¢ğŸ˜¢ğŸ˜¢
me19SUmWu2s0,91,me19SUmWu2s,Me parece que dice que no te rindas
me19SUmWu2s1,91,me19SUmWu2s,The best piece of music that keeps me to live in hard times.... don't you worry ;-)
me19SUmWu2s2,91,me19SUmWu2s,Don't you worry. I love you
me19SUmWu2s3,91,me19SUmWu2s,Mon frere etvmoi on cife sete musique on lecoute toule tan
me19SUmWu2s4,91,me19SUmWu2s,Helle  ğŸ”ªğŸ”ªğŸ”ªğŸ”¥ğŸ”¥ğŸ”¥ğŸ¤¬ğŸ¤¬ğŸ¤¬ğŸ¤¬
WpYeekQkAdc0,92,WpYeekQkAdc,ğŸ¤ğŸ¤
WpYeekQkAdc1,92,WpYeekQkAdc,Quantas vezes assisti na MTV BrasilğŸ˜ŠğŸ˜ŠğŸ˜ŠğŸ˜ŠTop.
WpYeekQkAdc2,92,WpYeekQkAdc,"I'll ask you again in 2023.
Where is love in the world?
It's like the world is going crazy"
WpYeekQkAdc3,92,WpYeekQkAdc,"2023! We just marking the register. Don't forget to be love, to practice love. Love is us."
WpYeekQkAdc4,92,WpYeekQkAdc,Everything in this song is still 100% true in 2023
OrTyD7rjBpw0,93,OrTyD7rjBpw,FERGIE ğŸ˜ğŸ˜˜
OrTyD7rjBpw1,93,OrTyD7rjBpw,Arisco a dizÃª que uma das melhores mÃºsicas da banda
OrTyD7rjBpw2,93,OrTyD7rjBpw,Just can't get enough!
OrTyD7rjBpw3,93,OrTyD7rjBpw,I just can't get enough of this song.
OrTyD7rjBpw4,93,OrTyD7rjBpw,Nostalgia overload.
vMLk_T0PPbk0,94,vMLk_T0PPbk,"I love how simple and minimal it is...
Futuristic and iconic...thank you Rich Lee...Rich Lee directed â€œimma be rocking that bodyâ€ and â€œT.H.Eâ€...Shakira looked iconic beautiful...and Her dance moves we super cool...the Hand choreography is NEXT LEVEL... apl and taboo look like super heroâ€™s...taboos jacket is ğŸ”¥ğŸ”¥ğŸ”¥ Aplâ€™s outfit is futuristic...and I love that car... I donâ€™t want to comment about myself... so I leave it there..."
vMLk_T0PPbk1,94,vMLk_T0PPbk,Shakira aged really well damn
vMLk_T0PPbk2,94,vMLk_T0PPbk,ğŸ˜ŠğŸ‰â¤ğŸ‰
vMLk_T0PPbk3,94,vMLk_T0PPbk,Me encantÃ³
vMLk_T0PPbk4,94,vMLk_T0PPbk,ğŸ˜…buscando el lenguaje de la auyama @ lety
ZaI2IlHwmgQ0,95,ZaI2IlHwmgQ,I like  is music
ZaI2IlHwmgQ1,95,ZaI2IlHwmgQ,ã‚¢ã‚¤ãƒ©ãƒ–ãƒ¦ãƒ¼more
ZaI2IlHwmgQ2,95,ZaI2IlHwmgQ,ã‚¢ã‚¤ãƒ©ãƒ–ãƒ¦ãƒ¼
ZaI2IlHwmgQ3,95,ZaI2IlHwmgQ,"ã¡ã£ã¨ã‚‚é…ããªã„
ã‚¿ã‚¤ãƒ ãƒªãƒ¼ãƒ—ã—ã‚ˆã†"
ZaI2IlHwmgQ4,95,ZaI2IlHwmgQ,ã¿ã‚“ãªã‚ã‚ŠãŒã¨ã†
H7qR7xvKFEU0,96,H7qR7xvKFEU,"This work is too good one. Thats why i never told u that.  The really powerful / beautiful things can scare in the begginning. 
But...ğŸ¥³
(fear is love, dear world)"
H7qR7xvKFEU1,96,H7qR7xvKFEU,Wow this is so awesome!
H7qR7xvKFEU2,96,H7qR7xvKFEU,goddam that misirlou hits hard
H7qR7xvKFEU3,96,H7qR7xvKFEU,Nice 
H7qR7xvKFEU4,96,H7qR7xvKFEU,"Doing chest press never been this fun using this track.

Note: I really hate chest press"
I7HahVwYpwo0,97,I7HahVwYpwo,2023?
I7HahVwYpwo1,97,I7HahVwYpwo,2023
I7HahVwYpwo2,97,I7HahVwYpwo,pure nostalgia
I7HahVwYpwo3,97,I7HahVwYpwo,Anyone else who is currently 24 years old?ğŸ¤£
I7HahVwYpwo4,97,I7HahVwYpwo,Ciao bellissima
EzKkl64rRbM0,98,EzKkl64rRbM,ğŸ‘ğŸ¼ğŸ‘ğŸ¼ğŸ‘ğŸ¼ğŸ‘ğŸ¼
EzKkl64rRbM1,98,EzKkl64rRbM,TenderÃ©mos
EzKkl64rRbM2,98,EzKkl64rRbM,Play back at 1.25x speed. Your welcome.ğŸ˜Š
EzKkl64rRbM3,98,EzKkl64rRbM,Dang
EzKkl64rRbM4,98,EzKkl64rRbM,This song came out before the world shut down for 3 years due to covid. How life changed in such a short timeâ€¦ great cap to an end of a great year before Covid hit.
AbNOhZ1rsG80,99,AbNOhZ1rsG8,Troppi
AbNOhZ1rsG81,99,AbNOhZ1rsG8,Bravis
AbNOhZ1rsG82,99,AbNOhZ1rsG8,ğŸ‰ğŸ‰ğŸ‰spettacolo
AbNOhZ1rsG83,99,AbNOhZ1rsG8,Spaccate sempreâ€¦â¤â¤â¤
AbNOhZ1rsG84,99,AbNOhZ1rsG8,love it
Zi_XLOBDo_Y0,100,Zi_XLOBDo_Y,TU QUIERES UN MANZANA  HAUU HEHE
Zi_XLOBDo_Y1,100,Zi_XLOBDo_Y,THIS SONG IS SO GOOD I NEVER GET BORED LISTENING TO ITâ¤
Zi_XLOBDo_Y2,100,Zi_XLOBDo_Y,I love himmm
Zi_XLOBDo_Y3,100,Zi_XLOBDo_Y,Yep 2025
Zi_XLOBDo_Y4,100,Zi_XLOBDo_Y,Was the baby his!
